[
  {
    "season": 1,
    "episode": 1,
    "title": "Cartman Gets an Anal Probe",
    "description": "Cartman explains the odd nightmare he had about alien visitors abducting him.",
    "thumbnail": "assets/thumbnails/s01e01.jpg",
    "link": "https://www.southparkstudios.com/episodes/0f7z6z/south-park-cartman-gets-an-anal-probe-season-1-ep-1"
  },
  {
    "season": 1,
    "episode": 2,
    "title": "Weight Gain 4000",
    "description": "Cartman's environmental essay wins a national contest, and Kathie Lee Gifford comes to South Park to present the award.",
    "thumbnail": "assets/thumbnails/s01e02.jpg",
    "link": "https://www.southparkstudios.com/episodes/0f7z6z/south-park-weight-gain-4000-season-1-ep-2"
  }
]
